rule,R1,R2,R3,R4a,R4b,sensitivity,specificity,balanced_acc
1 model selection only,0.12916666666666668,0.1,1.0,0.5791666666666667,1.0,1.0,0.5479166666666666,0.7739583333333333
2 Test 3 only,0.03958333333333333,0.03333333333333333,1.0,0.48125,0.9958333333333333,1.0,0.6125,0.80625
3 Test 4 only,0.01875,0.016666666666666666,1.0,0.08541666666666667,0.9708333333333333,1.0,0.7270833333333333,0.8635416666666667
4 cluster bootstrap only,0.12916666666666668,0.1,1.0,0.5791666666666667,1.0,1.0,0.5479166666666666,0.7739583333333333
5 Test 1 only,0.08333333333333333,0.06666666666666667,1.0,0.041666666666666664,0.016666666666666666,1.0,0.9479166666666666,0.9739583333333333
6 Test 2 only,0.0,0.0020833333333333333,1.0,0.0020833333333333333,0.12291666666666666,1.0,0.9682291666666667,0.9841145833333333
7 Tests 1+2,0.0,0.0020833333333333333,1.0,0.0,0.0020833333333333333,1.0,0.9989583333333333,0.9994791666666667
8 Tests 3+4,0.014583333333333334,0.016666666666666666,1.0,0.08125,0.9708333333333333,1.0,0.7291666666666667,0.8645833333333334
9 full protocol,0.0,0.0020833333333333333,1.0,0.0,0.0020833333333333333,1.0,0.9989583333333333,0.9994791666666667
Stage 0 only (all designs identifiable),0.12916666666666668,0.1,1.0,0.5791666666666667,1.0,1.0,0.5479166666666666,0.7739583333333333
