factor,level,n,recoverable,blind_zone,recoverable_in_blind,acc_stage0,acc_pairwise,fp_stage0,fp_pairwise
n_speeds,3.0,3600,0.3338888888888889,0.41083333333333333,0.24002704530087898,0.795,0.5794444444444444,0.24561403508771928,0.5685413005272407
n_speeds,4.0,3600,0.35194444444444445,0.4111111111111111,0.24324324324324326,0.7988888888888889,0.5758333333333333,0.20197585071350166,0.5567685589519651
n_speeds,6.0,3600,0.3813888888888889,0.4175,0.2634730538922156,0.785,0.5744444444444444,0.18638743455497384,0.5339308578745199
n_speeds,8.0,3600,0.4086111111111111,0.4175,0.29740518962075846,0.7741666666666667,0.5944444444444444,0.15513626834381553,0.49767834529337274
controls,3.0,7200,0.30972222222222223,0.41180555555555554,0.20876897133220912,0.8170833333333334,0.5701388888888889,0.22648292390653085,0.5970819304152637
controls,4.0,7200,0.42819444444444443,0.4166666666666667,0.313,0.7594444444444445,0.5919444444444445,0.17256422685409598,0.4849678623263529
imbalance,0.0,7200,0.35736111111111113,0.4086111111111111,0.23045547246770903,0.8038888888888889,0.5784722222222223,0.21474201474201474,0.548024948024948
imbalance,1.0,7200,0.38055555555555554,0.41986111111111113,0.2911015547469401,0.7726388888888889,0.5836111111111111,0.17501473187978786,0.5288719785138765
F,1.0,4800,0.22125,0.209375,0.18208955223880596,0.8489583333333334,0.7064583333333333,0.24661654135338346,0.6162089752176825
F,2.0,9600,0.4428125,0.5166666666666667,0.2772177419354839,0.7579166666666667,0.5183333333333333,0.18584936419954354,0.523956326268465
shift,0.0,9600,0.32916666666666666,0.36635416666666665,0.25078191640602787,0.8030208333333333,0.6121875,0.2074688796680498,0.5522360363703841
shift,0.3,4800,0.44854166666666667,0.51,0.2761437908496732,0.75875,0.51875,0.18170185540626999,0.5201851375674981
