rule,c,precision,recall,accuracy,false_promise
Stage0 kappa<=10,0.2,0.7250470809792844,0.1119186046511628,0.7777083333333333,0.2749529190207156
Stage0 kappa<=20,0.2,0.6566935174530111,0.49767441860465117,0.8178472222222222,0.34330648254698887
Stage0 kappa<=30,0.2,0.6055734190782422,0.6569767441860465,0.8158333333333333,0.39442658092175775
Stage0 kappa<=50,0.2,0.5447641886490807,0.7924418604651163,0.7922222222222223,0.4552358113509193
Stage0 kappa<=100,0.2,0.4650848475747109,0.9002906976744186,0.7288194444444445,0.5349151524252891
pairwise |r|<0.95,0.2,0.339924670433145,0.20988372093023255,0.7138888888888889,0.660075329566855
pairwise |r|<0.99,0.2,0.30782496227635264,0.8302325581395349,0.5134722222222222,0.6921750377236473
pairwise |r|<0.999,0.2,0.2845320365156557,0.9694767441860465,0.4103472222222222,0.7154679634843444
Stage0 kappa<=10,0.3,0.7890772128060264,0.0995013061030634,0.7288888888888889,0.21092278719397364
Stage0 kappa<=20,0.3,0.7437667817414653,0.4604606981714557,0.7958333333333333,0.25623321825853473
Stage0 kappa<=30,0.3,0.6977491961414791,0.6183804322013774,0.8100694444444444,0.3022508038585209
Stage0 kappa<=50,0.3,0.6394884092725819,0.759914509617668,0.8045138888888889,0.36051159072741806
Stage0 kappa<=100,0.3,0.5553386394353507,0.8781762051769176,0.75875,0.44466136056464933
pairwise |r|<0.95,0.3,0.4171374764595104,0.21040132985039184,0.683125,0.5828625235404896
pairwise |r|<0.99,0.3,0.3719551627505928,0.8195203039658039,0.5425694444444444,0.6280448372494072
pairwise |r|<0.999,0.3,0.3456189744902312,0.9620042745191166,0.45625,0.6543810255097688
Stage0 kappa<=10,0.5,0.8983050847457628,0.08977978543195934,0.6604166666666667,0.1016949152542373
Stage0 kappa<=20,0.5,0.8481012658227848,0.4161490683229814,0.7570833333333333,0.1518987341772152
Stage0 kappa<=30,0.5,0.8033226152197214,0.5642763034067382,0.7882638888888889,0.19667738478027866
Stage0 kappa<=50,0.5,0.754396482813749,0.7105213626952758,0.8078472222222223,0.245603517186251
Stage0 kappa<=100,0.5,0.6733743805376182,0.8439676265763222,0.7913888888888889,0.3266256194623817
pairwise |r|<0.95,0.5,0.5084745762711864,0.20327498588368154,0.6335416666666667,0.4915254237288136
pairwise |r|<0.99,0.5,0.4611985341668463,0.8053830227743272,0.5810416666666667,0.5388014658331537
pairwise |r|<0.999,0.5,0.43255694906577935,0.9542631281761716,0.52125,0.5674430509342206
Stage0 kappa<=10,0.7,0.9322033898305084,0.08240386216081239,0.6147222222222222,0.06779661016949153
Stage0 kappa<=20,0.7,0.8964326812428078,0.3890461128683203,0.7263888888888889,0.10356731875719218
Stage0 kappa<=30,0.7,0.8606645230439443,0.5347095055768271,0.7697916666666667,0.13933547695605572
Stage0 kappa<=50,0.7,0.8163469224620303,0.6800399533877143,0.8027083333333334,0.1836530775379696
Stage0 kappa<=100,0.7,0.7393001952245082,0.8195438654902614,0.8041666666666667,0.2606998047754918
pairwise |r|<0.95,0.7,0.5649717514124294,0.19976693857166639,0.6020138888888888,0.4350282485875706
pairwise |r|<0.99,0.7,0.515628368182798,0.79640419510571,0.6029861111111111,0.484371631817202
pairwise |r|<0.999,0.7,0.48690384779455675,0.9500582653570834,0.5615277777777777,0.5130961522054432
